"N Deadwood Categories","value"
0,0
1,5.55040413789271
2,11.5448675482606
3,18.3126617446842
4,25.9433816803475
5,34.3295349521002
6,43.1732654257607
7,52.1307943625899
8,60.8474318151256
9,68.9807860724028
10,76.2455279152737
11,82.4622750822967
12,87.571048602118
13,91.6522312593897
14,94.9013958360627
15,97.5947815494302
16,100
