"Horizontal Complexity Classes","value"
0,0
1,0
2,29.1702001059738
3,60.4829825233037
4,85.3548417703605
5,100
