"N Regen classes present","value"
0,0
1,40.4530417649648
2,73.9163562438191
3,100
