"N Tree Age Categories","value"
1,0
2,36.709330401235
3,77.3578409737256
4,100
