"N Vertical Structure Categories","value"
1,0
2,24.9481713891303
3,59.9401022879888
4,88.2526135032682
5,100
